{
  "$schema": "https://vega.github.io/schema/vega/v5.json",
  "autosize": "pad",
  "padding": 5,
  "height": 300,
  "data": [
    {"name": "selector026_store"},
    {
      "name": "data-45ee3e880424e81e6ad0b06617ae0fa0",
      "values": [
        {
          "Name": "Tune SA",
          "Difficulty": 2,
          "Reward": 3,
          "Compute": 10,
          "Risk": 12,
          "Comments": "A number of parameters can be tuned from temperature, number of epochs, restarts, number of batches. Even number of clusters can be tuned. Experimentation might be computationally expensive"
        },
        {
          "Name": "Patch LKH",
          "Difficulty": 7,
          "Reward": 7,
          "Compute": 3,
          "Risk": 32,
          "Comments": "We could look at version 3.0 and the prime constraint to it. Unclear how much work this would be."
        },
        {
          "Name": "Run SA for longer",
          "Difficulty": 1,
          "Reward": 2,
          "Compute": 6,
          "Risk": 4,
          "Comments": "The results presented are for 5 restarts with 500 epochs each. We could extend this at the cost of additional computer time."
        },
        {
          "Name": "Google OR Tools",
          "Difficulty": 4,
          "Reward": 5,
          "Compute": 4,
          "Risk": 16,
          "Comments": [
            "We can modify our code to use Google OR tools for integer programming. Might perform better",
            " and possibly faster"
          ]
        },
        {
          "Name": "Genetic Algorithms",
          "Difficulty": 5,
          "Reward": 5,
          "Compute": 8,
          "Risk": 60,
          "Comments": "A number of other biological optimization can be adapted for this. Some are Particle swarm, Ant-colony optimation. See http://www.cleveralgorithms.com/nature-inspired/index.html"
        }
      ]
    },
    {
      "name": "data_0",
      "source": "data-45ee3e880424e81e6ad0b06617ae0fa0",
      "transform": [{"type": "identifier", "as": "_vgsid_"}]
    },
    {
      "name": "data_1",
      "source": "data_0",
      "transform": [
        {
          "type": "filter",
          "expr": "datum[\"Risk\"] !== null && !isNaN(datum[\"Risk\"]) && datum[\"Difficulty\"] !== null && !isNaN(datum[\"Difficulty\"]) && datum[\"Reward\"] !== null && !isNaN(datum[\"Reward\"])"
        }
      ]
    },
    {
      "name": "data_2",
      "source": "data_0",
      "transform": [
        {
          "type": "filter",
          "expr": "datum[\"Risk\"] !== null && !isNaN(datum[\"Risk\"]) && datum[\"Difficulty\"] !== null && !isNaN(datum[\"Difficulty\"]) && datum[\"Compute\"] !== null && !isNaN(datum[\"Compute\"])"
        }
      ]
    }
  ],
  "signals": [
    {"name": "concat_0_width", "value": 400},
    {"name": "concat_1_width", "value": 400},
    {
      "name": "unit",
      "value": {},
      "on": [
        {"events": "mousemove", "update": "isTuple(group()) ? group() : unit"}
      ]
    },
    {
      "name": "selector026",
      "update": "vlSelectionResolve(\"selector026_store\")"
    }
  ],
  "layout": {"padding": 20, "bounds": "full", "align": "each"},
  "marks": [
    {
      "type": "group",
      "name": "concat_0_group",
      "style": "cell",
      "encode": {
        "update": {
          "width": {"signal": "concat_0_width"},
          "height": {"signal": "height"}
        }
      },
      "signals": [
        {
          "name": "selector026_tuple",
          "on": [
            {
              "events": [{"source": "scope", "type": "click"}],
              "update": "datum && item().mark.marktype !== 'group' ? {unit: \"concat_0\", fields: selector026_tuple_fields, values: [(item().isVoronoi ? datum.datum : datum)[\"_vgsid_\"]]} : null",
              "force": true
            },
            {
              "events": [{"source": "scope", "type": "dblclick"}],
              "update": "null"
            }
          ]
        },
        {
          "name": "selector026_tuple_fields",
          "value": [{"type": "E", "field": "_vgsid_"}]
        },
        {
          "name": "selector026_modify",
          "update": "modify(\"selector026_store\", selector026_tuple, true)"
        }
      ],
      "marks": [
        {
          "name": "concat_0_marks",
          "type": "symbol",
          "style": ["circle"],
          "from": {"data": "data_1"},
          "encode": {
            "update": {
              "opacity": {"value": 0.7},
              "size": {"scale": "size", "field": "Risk"},
              "fill": [
                {
                  "test": "!(length(data(\"selector026_store\"))) || (vlSelectionTest(\"selector026_store\", datum))",
                  "scale": "color",
                  "field": "Name"
                },
                {"value": "gray"}
              ],
              "tooltip": {
                "signal": "{\"Name\": ''+datum[\"Name\"], \"Comments\": ''+datum[\"Comments\"]}"
              },
              "x": {"scale": "concat_0_x", "field": "Difficulty"},
              "y": {"scale": "concat_0_y", "field": "Reward"},
              "shape": {"value": "circle"}
            }
          }
        }
      ],
      "axes": [
        {
          "scale": "concat_0_x",
          "orient": "bottom",
          "grid": false,
          "title": "Difficulty",
          "labelFlush": true,
          "labelOverlap": true,
          "tickCount": {"signal": "ceil(concat_0_width/40)"},
          "zindex": 1
        },
        {
          "scale": "concat_0_x",
          "orient": "bottom",
          "gridScale": "concat_0_y",
          "grid": true,
          "tickCount": {"signal": "ceil(concat_0_width/40)"},
          "domain": false,
          "labels": false,
          "maxExtent": 0,
          "minExtent": 0,
          "ticks": false,
          "zindex": 0
        },
        {
          "scale": "concat_0_y",
          "orient": "left",
          "grid": false,
          "title": "Reward",
          "labelOverlap": true,
          "tickCount": {"signal": "ceil(height/40)"},
          "zindex": 1
        },
        {
          "scale": "concat_0_y",
          "orient": "left",
          "gridScale": "concat_0_x",
          "grid": true,
          "tickCount": {"signal": "ceil(height/40)"},
          "domain": false,
          "labels": false,
          "maxExtent": 0,
          "minExtent": 0,
          "ticks": false,
          "zindex": 0
        }
      ]
    },
    {
      "type": "group",
      "name": "concat_1_group",
      "style": "cell",
      "encode": {
        "update": {
          "width": {"signal": "concat_1_width"},
          "height": {"signal": "height"}
        }
      },
      "signals": [
        {
          "name": "selector026_tuple",
          "on": [
            {
              "events": [{"source": "scope", "type": "click"}],
              "update": "datum && item().mark.marktype !== 'group' ? {unit: \"concat_1\", fields: selector026_tuple_fields, values: [(item().isVoronoi ? datum.datum : datum)[\"_vgsid_\"]]} : null",
              "force": true
            },
            {
              "events": [{"source": "scope", "type": "dblclick"}],
              "update": "null"
            }
          ]
        },
        {
          "name": "selector026_tuple_fields",
          "value": [{"type": "E", "field": "_vgsid_"}]
        },
        {
          "name": "selector026_modify",
          "update": "modify(\"selector026_store\", selector026_tuple, true)"
        }
      ],
      "marks": [
        {
          "name": "concat_1_marks",
          "type": "symbol",
          "style": ["circle"],
          "from": {"data": "data_2"},
          "encode": {
            "update": {
              "opacity": {"value": 0.7},
              "size": {"scale": "size", "field": "Risk"},
              "fill": [
                {
                  "test": "!(length(data(\"selector026_store\"))) || (vlSelectionTest(\"selector026_store\", datum))",
                  "scale": "color",
                  "field": "Name"
                },
                {"value": "gray"}
              ],
              "tooltip": {
                "signal": "{\"Name\": ''+datum[\"Name\"], \"Comments\": ''+datum[\"Comments\"]}"
              },
              "x": {"scale": "concat_1_x", "field": "Difficulty"},
              "y": {"scale": "concat_1_y", "field": "Compute"},
              "shape": {"value": "circle"}
            }
          }
        }
      ],
      "axes": [
        {
          "scale": "concat_1_x",
          "orient": "bottom",
          "grid": false,
          "title": "Difficulty",
          "labelFlush": true,
          "labelOverlap": true,
          "tickCount": {"signal": "ceil(concat_1_width/40)"},
          "zindex": 1
        },
        {
          "scale": "concat_1_x",
          "orient": "bottom",
          "gridScale": "concat_1_y",
          "grid": true,
          "tickCount": {"signal": "ceil(concat_1_width/40)"},
          "domain": false,
          "labels": false,
          "maxExtent": 0,
          "minExtent": 0,
          "ticks": false,
          "zindex": 0
        },
        {
          "scale": "concat_1_y",
          "orient": "left",
          "grid": false,
          "title": "Compute",
          "labelOverlap": true,
          "tickCount": {"signal": "ceil(height/40)"},
          "zindex": 1
        },
        {
          "scale": "concat_1_y",
          "orient": "left",
          "gridScale": "concat_1_x",
          "grid": true,
          "tickCount": {"signal": "ceil(height/40)"},
          "domain": false,
          "labels": false,
          "maxExtent": 0,
          "minExtent": 0,
          "ticks": false,
          "zindex": 0
        }
      ]
    }
  ],
  "scales": [
    {
      "name": "color",
      "type": "ordinal",
      "domain": {
        "fields": [
          {"data": "data_1", "field": "Name"},
          {"data": "data_2", "field": "Name"}
        ],
        "sort": true
      },
      "range": "category"
    },
    {
      "name": "size",
      "type": "linear",
      "domain": {
        "fields": [
          {"data": "data_1", "field": "Risk"},
          {"data": "data_2", "field": "Risk"}
        ]
      },
      "range": [1, 5000],
      "zero": true
    },
    {
      "name": "concat_0_x",
      "type": "linear",
      "domain": [0, 10],
      "range": [0, {"signal": "concat_0_width"}],
      "nice": true,
      "zero": true
    },
    {
      "name": "concat_0_y",
      "type": "linear",
      "domain": [0, 10],
      "range": [{"signal": "height"}, 0],
      "nice": true,
      "zero": true
    },
    {
      "name": "concat_1_x",
      "type": "linear",
      "domain": [0, 10],
      "range": [0, {"signal": "concat_1_width"}],
      "nice": true,
      "zero": true
    },
    {
      "name": "concat_1_y",
      "type": "linear",
      "domain": [0, 12],
      "range": [{"signal": "height"}, 0],
      "nice": true,
      "zero": true
    }
  ],
  "legends": [
    {
      "fill": "color",
      "gradientLength": {"signal": "clamp(height, 64, 200)"},
      "symbolType": "circle",
      "title": "Name",
      "encode": {
        "symbols": {
          "update": {"shape": {"value": "circle"}, "opacity": {"value": 0.7}}
        }
      }
    }
  ]
}
